Felt,Detail,CDI,Sig
,https://earthquake.usgs.gov/fdsnws/event/1/query?eventid=ci11408890&format=geojson,,26
,https://earthquake.usgs.gov/fdsnws/event/1/query?eventid=ak01421ig3u&format=geojson,,19
,https://earthquake.usgs.gov/fdsnws/event/1/query?eventid=ak01421i2zj&format=geojson,,22
,https://earthquake.usgs.gov/fdsnws/event/1/query?eventid=ak01421heui&format=geojson,,30
,https://earthquake.usgs.gov/fdsnws/event/1/query?eventid=usc000mnnn&format=geojson,,246
,https://earthquake.usgs.gov/fdsnws/event/1/query?eventid=nc72134466&format=geojson,,4
,https://earthquake.usgs.gov/fdsnws/event/1/query?eventid=nc72134461&format=geojson,,8
,https://earthquake.usgs.gov/fdsnws/event/1/query?eventid=ci11408882&format=geojson,,3
,https://earthquake.usgs.gov/fdsnws/event/1/query?eventid=nn00557597&format=geojson,,6
,https://earthquake.usgs.gov/fdsnws/event/1/query?eventid=usb000m2w9&format=geojson,,271
,https://earthquake.usgs.gov/fdsnws/event/1/query?eventid=ak01421dpqr&format=geojson,,50
,https://earthquake.usgs.gov/fdsnws/event/1/query?eventid=usb000m2wa&format=geojson,,271
,https://earthquake.usgs.gov/fdsnws/event/1/query?eventid=uw60664506&format=geojson,,6
,https://earthquake.usgs.gov/fdsnws/event/1/query?eventid=nn00557596&format=geojson,,1
,https://earthquake.usgs.gov/fdsnws/event/1/query?eventid=pr14001004&format=geojson,,112
,https://earthquake.usgs.gov/fdsnws/event/1/query?eventid=ci11408874&format=geojson,,1
,https://earthquake.usgs.gov/fdsnws/event/1/query?eventid=usc000mh9r&format=geojson,,246
,https://earthquake.usgs.gov/fdsnws/event/1/query?eventid=nn00432852&format=geojson,,1
,https://earthquake.usgs.gov/fdsnws/event/1/query?eventid=nc72134456&format=geojson,,2
,https://earthquake.usgs.gov/fdsnws/event/1/query?eventid=ci11408866&format=geojson,,54
,https://earthquake.usgs.gov/fdsnws/event/1/query?eventid=nc72134451&format=geojson,,24
,https://earthquake.usgs.gov/fdsnws/event/1/query?eventid=nc72134446&format=geojson,,7
,https://earthquake.usgs.gov/fdsnws/event/1/query?eventid=nc72134441&format=geojson,,4
,https://earthquake.usgs.gov/fdsnws/event/1/query?eventid=nc72134436&format=geojson,,17
,https://earthquake.usgs.gov/fdsnws/event/1/query?eventid=usb000m2w8&format=geojson,,326
,https://earthquake.usgs.gov/fdsnws/event/1/query?eventid=nn00557595&format=geojson,,10
,https://earthquake.usgs.gov/fdsnws/event/1/query?eventid=uw60664496&format=geojson,,2
,https://earthquake.usgs.gov/fdsnws/event/1/query?eventid=ci11408858&format=geojson,,4
,https://earthquake.usgs.gov/fdsnws/event/1/query?eventid=nc72134431&format=geojson,,97
,https://earthquake.usgs.gov/fdsnws/event/1/query?eventid=nc72134426&format=geojson,,4
,https://earthquake.usgs.gov/fdsnws/event/1/query?eventid=nn00557594&format=geojson,,2
,https://earthquake.usgs.gov/fdsnws/event/1/query?eventid=nc72134421&format=geojson,,31
,https://earthquake.usgs.gov/fdsnws/event/1/query?eventid=ci11408842&format=geojson,,3
,https://earthquake.usgs.gov/fdsnws/event/1/query?eventid=nc72134411&format=geojson,,7
,https://earthquake.usgs.gov/fdsnws/event/1/query?eventid=nc72134416&format=geojson,,2
,https://earthquake.usgs.gov/fdsnws/event/1/query?eventid=nc72134406&format=geojson,,0
,https://earthquake.usgs.gov/fdsnws/event/1/query?eventid=usb000m2w5&format=geojson,,298
,https://earthquake.usgs.gov/fdsnws/event/1/query?eventid=ak01420nv25&format=geojson,,50
,https://earthquake.usgs.gov/fdsnws/event/1/query?eventid=nc72134401&format=geojson,,6
,https://earthquake.usgs.gov/fdsnws/event/1/query?eventid=ak01420e5d8&format=geojson,,56
,https://earthquake.usgs.gov/fdsnws/event/1/query?eventid=nc72134396&format=geojson,,5
,https://earthquake.usgs.gov/fdsnws/event/1/query?eventid=nc72134391&format=geojson,,3
,https://earthquake.usgs.gov/fdsnws/event/1/query?eventid=ak01420bray&format=geojson,,89
,https://earthquake.usgs.gov/fdsnws/event/1/query?eventid=nc72134386&format=geojson,,26
,https://earthquake.usgs.gov/fdsnws/event/1/query?eventid=nn00432847&format=geojson,,0
,https://earthquake.usgs.gov/fdsnws/event/1/query?eventid=ak0142097uf&format=geojson,,4
,https://earthquake.usgs.gov/fdsnws/event/1/query?eventid=usb000m2w4&format=geojson,,246
,https://earthquake.usgs.gov/fdsnws/event/1/query?eventid=nc72134381&format=geojson,,5
,https://earthquake.usgs.gov/fdsnws/event/1/query?eventid=ci11408834&format=geojson,,15
,https://earthquake.usgs.gov/fdsnws/event/1/query?eventid=usc000lvew&format=geojson,,340
,https://earthquake.usgs.gov/fdsnws/event/1/query?eventid=nc72134376&format=geojson,,30
,https://earthquake.usgs.gov/fdsnws/event/1/query?eventid=nn00557593&format=geojson,,15
,https://earthquake.usgs.gov/fdsnws/event/1/query?eventid=usc000lven&format=geojson,,312
,https://earthquake.usgs.gov/fdsnws/event/1/query?eventid=ci11408826&format=geojson,,60
,https://earthquake.usgs.gov/fdsnws/event/1/query?eventid=ci11408810&format=geojson,,0
,https://earthquake.usgs.gov/fdsnws/event/1/query?eventid=nn00557592&format=geojson,,39
,https://earthquake.usgs.gov/fdsnws/event/1/query?eventid=ak0141zqs5j&format=geojson,,56
,https://earthquake.usgs.gov/fdsnws/event/1/query?eventid=ak0141znedj&format=geojson,,56
,https://earthquake.usgs.gov/fdsnws/event/1/query?eventid=hv60614426&format=geojson,,27
,https://earthquake.usgs.gov/fdsnws/event/1/query?eventid=nc72134371&format=geojson,,12
,https://earthquake.usgs.gov/fdsnws/event/1/query?eventid=nc72134366&format=geojson,,4
,https://earthquake.usgs.gov/fdsnws/event/1/query?eventid=uw60664436&format=geojson,,8
,https://earthquake.usgs.gov/fdsnws/event/1/query?eventid=nc72134361&format=geojson,,32
,https://earthquake.usgs.gov/fdsnws/event/1/query?eventid=ci11408802&format=geojson,,14
,https://earthquake.usgs.gov/fdsnws/event/1/query?eventid=nc72134356&format=geojson,,3
,https://earthquake.usgs.gov/fdsnws/event/1/query?eventid=nc72134346&format=geojson,,6
,https://earthquake.usgs.gov/fdsnws/event/1/query?eventid=nc72134351&format=geojson,,41
,https://earthquake.usgs.gov/fdsnws/event/1/query?eventid=ci11408794&format=geojson,,16
,https://earthquake.usgs.gov/fdsnws/event/1/query?eventid=ak0141z3tbj&format=geojson,,68
,https://earthquake.usgs.gov/fdsnws/event/1/query?eventid=ci11408786&format=geojson,,3
,https://earthquake.usgs.gov/fdsnws/event/1/query?eventid=nn00433110&format=geojson,,0
,https://earthquake.usgs.gov/fdsnws/event/1/query?eventid=ak0141z0he7&format=geojson,,68
,https://earthquake.usgs.gov/fdsnws/event/1/query?eventid=nc72134341&format=geojson,,0
,https://earthquake.usgs.gov/fdsnws/event/1/query?eventid=usc000lvdi&format=geojson,,284
,https://earthquake.usgs.gov/fdsnws/event/1/query?eventid=ak0141yy0lj&format=geojson,,56
,https://earthquake.usgs.gov/fdsnws/event/1/query?eventid=ci11408778&format=geojson,,0
,https://earthquake.usgs.gov/fdsnws/event/1/query?eventid=nc72134326&format=geojson,,1
,https://earthquake.usgs.gov/fdsnws/event/1/query?eventid=nc72134331&format=geojson,,0
,https://earthquake.usgs.gov/fdsnws/event/1/query?eventid=nc72134321&format=geojson,,7
,https://earthquake.usgs.gov/fdsnws/event/1/query?eventid=nc72134316&format=geojson,,11
,https://earthquake.usgs.gov/fdsnws/event/1/query?eventid=ak0141yiwht&format=geojson,,30
,https://earthquake.usgs.gov/fdsnws/event/1/query?eventid=ci11408770&format=geojson,,24
,https://earthquake.usgs.gov/fdsnws/event/1/query?eventid=ld60052526&format=geojson,,54
,https://earthquake.usgs.gov/fdsnws/event/1/query?eventid=ak0141yfv0b&format=geojson,,56
,https://earthquake.usgs.gov/fdsnws/event/1/query?eventid=nn00432945&format=geojson,,0
,https://earthquake.usgs.gov/fdsnws/event/1/query?eventid=nc72134311&format=geojson,,4
,https://earthquake.usgs.gov/fdsnws/event/1/query?eventid=ci11408762&format=geojson,,7
,https://earthquake.usgs.gov/fdsnws/event/1/query?eventid=ak0141yc0st&format=geojson,,26
,https://earthquake.usgs.gov/fdsnws/event/1/query?eventid=nc72134306&format=geojson,,5
,https://earthquake.usgs.gov/fdsnws/event/1/query?eventid=nc72134296&format=geojson,,4
,https://earthquake.usgs.gov/fdsnws/event/1/query?eventid=nn00432944&format=geojson,,0
,https://earthquake.usgs.gov/fdsnws/event/1/query?eventid=nc72135686&format=geojson,,2
,https://earthquake.usgs.gov/fdsnws/event/1/query?eventid=nc71076964&format=geojson,,2
,https://earthquake.usgs.gov/fdsnws/event/1/query?eventid=nc71076969&format=geojson,,10
,https://earthquake.usgs.gov/fdsnws/event/1/query?eventid=ci11408754&format=geojson,,32
,https://earthquake.usgs.gov/fdsnws/event/1/query?eventid=ci11408746&format=geojson,,2
,https://earthquake.usgs.gov/fdsnws/event/1/query?eventid=ci11408738&format=geojson,,19
,https://earthquake.usgs.gov/fdsnws/event/1/query?eventid=usc000lvd6&format=geojson,,340
,https://earthquake.usgs.gov/fdsnws/event/1/query?eventid=nc72134291&format=geojson,,11
,https://earthquake.usgs.gov/fdsnws/event/1/query?eventid=ci11408730&format=geojson,,0
,https://earthquake.usgs.gov/fdsnws/event/1/query?eventid=uw60664401&format=geojson,,31
,https://earthquake.usgs.gov/fdsnws/event/1/query?eventid=usc000lyby&format=geojson,,199
,https://earthquake.usgs.gov/fdsnws/event/1/query?eventid=nc72134286&format=geojson,,60
,https://earthquake.usgs.gov/fdsnws/event/1/query?eventid=ci11408722&format=geojson,,13
,https://earthquake.usgs.gov/fdsnws/event/1/query?eventid=ak0141xp2vj&format=geojson,,39
,https://earthquake.usgs.gov/fdsnws/event/1/query?eventid=ak0141xowd6&format=geojson,,30
,https://earthquake.usgs.gov/fdsnws/event/1/query?eventid=ci11408714&format=geojson,,23
,https://earthquake.usgs.gov/fdsnws/event/1/query?eventid=hv60614356&format=geojson,,57
,https://earthquake.usgs.gov/fdsnws/event/1/query?eventid=hv60614346&format=geojson,,60
,https://earthquake.usgs.gov/fdsnws/event/1/query?eventid=nc72134281&format=geojson,,16
,https://earthquake.usgs.gov/fdsnws/event/1/query?eventid=uw60664386&format=geojson,,1
,https://earthquake.usgs.gov/fdsnws/event/1/query?eventid=pr14001003&format=geojson,,30
,https://earthquake.usgs.gov/fdsnws/event/1/query?eventid=usc000lvcu&format=geojson,,326
,https://earthquake.usgs.gov/fdsnws/event/1/query?eventid=nc72134966&format=geojson,,4
,https://earthquake.usgs.gov/fdsnws/event/1/query?eventid=nc72134271&format=geojson,,16
,https://earthquake.usgs.gov/fdsnws/event/1/query?eventid=nc72134266&format=geojson,,4
,https://earthquake.usgs.gov/fdsnws/event/1/query?eventid=hv60614331&format=geojson,,24
,https://earthquake.usgs.gov/fdsnws/event/1/query?eventid=nc72134256&format=geojson,,5
,https://earthquake.usgs.gov/fdsnws/event/1/query?eventid=usc000lvb7&format=geojson,,369
,https://earthquake.usgs.gov/fdsnws/event/1/query?eventid=nc72134251&format=geojson,,16
,https://earthquake.usgs.gov/fdsnws/event/1/query?eventid=usc000mh9l&format=geojson,,271
,https://earthquake.usgs.gov/fdsnws/event/1/query?eventid=usc000lvb5&format=geojson,,650
,https://earthquake.usgs.gov/fdsnws/event/1/query?eventid=ci11408698&format=geojson,,14
32.0,https://earthquake.usgs.gov/fdsnws/event/1/query?eventid=ci11408690&format=geojson,3.1,150
,https://earthquake.usgs.gov/fdsnws/event/1/query?eventid=ci11408682&format=geojson,,2
,https://earthquake.usgs.gov/fdsnws/event/1/query?eventid=ak0141wqmf3&format=geojson,,68
,https://earthquake.usgs.gov/fdsnws/event/1/query?eventid=nc72134241&format=geojson,,0
,https://earthquake.usgs.gov/fdsnws/event/1/query?eventid=ak0141wo8gs&format=geojson,,81
,https://earthquake.usgs.gov/fdsnws/event/1/query?eventid=usb000m2w2&format=geojson,,284
,https://earthquake.usgs.gov/fdsnws/event/1/query?eventid=nc72134236&format=geojson,,26
,https://earthquake.usgs.gov/fdsnws/event/1/query?eventid=usb000m2w1&format=geojson,,326
,https://earthquake.usgs.gov/fdsnws/event/1/query?eventid=nc72134226&format=geojson,,8
,https://earthquake.usgs.gov/fdsnws/event/1/query?eventid=nn00432834&format=geojson,,6
,https://earthquake.usgs.gov/fdsnws/event/1/query?eventid=nc72134221&format=geojson,,7
,https://earthquake.usgs.gov/fdsnws/event/1/query?eventid=usc000lval&format=geojson,,369
,https://earthquake.usgs.gov/fdsnws/event/1/query?eventid=usc000lva0&format=geojson,,369
,https://earthquake.usgs.gov/fdsnws/event/1/query?eventid=nc72134216&format=geojson,,31
,https://earthquake.usgs.gov/fdsnws/event/1/query?eventid=ak0141vxoqy&format=geojson,,26
,https://earthquake.usgs.gov/fdsnws/event/1/query?eventid=pr14001002&format=geojson,,74
,https://earthquake.usgs.gov/fdsnws/event/1/query?eventid=ci11408674&format=geojson,,0
,https://earthquake.usgs.gov/fdsnws/event/1/query?eventid=ak0141vx893&format=geojson,,96
,https://earthquake.usgs.gov/fdsnws/event/1/query?eventid=ak0141vwz0z&format=geojson,,39
,https://earthquake.usgs.gov/fdsnws/event/1/query?eventid=usb000m2vz&format=geojson,,246
,https://earthquake.usgs.gov/fdsnws/event/1/query?eventid=ci11408666&format=geojson,,4
,https://earthquake.usgs.gov/fdsnws/event/1/query?eventid=ak0141vlgri&format=geojson,,1
,https://earthquake.usgs.gov/fdsnws/event/1/query?eventid=nc72134211&format=geojson,,29
,https://earthquake.usgs.gov/fdsnws/event/1/query?eventid=ak10931263&format=geojson,,2
,https://earthquake.usgs.gov/fdsnws/event/1/query?eventid=ak0141vjqkq&format=geojson,,44
,https://earthquake.usgs.gov/fdsnws/event/1/query?eventid=pr14001001&format=geojson,,96
,https://earthquake.usgs.gov/fdsnws/event/1/query?eventid=ak0141vhrac&format=geojson,,44
,https://earthquake.usgs.gov/fdsnws/event/1/query?eventid=nc72134206&format=geojson,,2
,https://earthquake.usgs.gov/fdsnws/event/1/query?eventid=ak0141vhakz&format=geojson,,89
,https://earthquake.usgs.gov/fdsnws/event/1/query?eventid=ak0141vfked&format=geojson,,50
,https://earthquake.usgs.gov/fdsnws/event/1/query?eventid=nc72134201&format=geojson,,13
,https://earthquake.usgs.gov/fdsnws/event/1/query?eventid=ak0141vb3vb&format=geojson,,62
,https://earthquake.usgs.gov/fdsnws/event/1/query?eventid=usb000m2vy&format=geojson,,326
,https://earthquake.usgs.gov/fdsnws/event/1/query?eventid=nc72134196&format=geojson,,3
,https://earthquake.usgs.gov/fdsnws/event/1/query?eventid=ak0141uv9w4&format=geojson,,50
,https://earthquake.usgs.gov/fdsnws/event/1/query?eventid=ci11408658&format=geojson,,2
,https://earthquake.usgs.gov/fdsnws/event/1/query?eventid=usb000m2vw&format=geojson,,259
,https://earthquake.usgs.gov/fdsnws/event/1/query?eventid=nc72134191&format=geojson,,24
,https://earthquake.usgs.gov/fdsnws/event/1/query?eventid=uu60050632&format=geojson,,49
,https://earthquake.usgs.gov/fdsnws/event/1/query?eventid=mb14595454&format=geojson,,30
,https://earthquake.usgs.gov/fdsnws/event/1/query?eventid=ci11408650&format=geojson,,9
,https://earthquake.usgs.gov/fdsnws/event/1/query?eventid=uw60664346&format=geojson,,3
,https://earthquake.usgs.gov/fdsnws/event/1/query?eventid=nc72134181&format=geojson,,1
,https://earthquake.usgs.gov/fdsnws/event/1/query?eventid=ci11408642&format=geojson,,0
,https://earthquake.usgs.gov/fdsnws/event/1/query?eventid=nc72134176&format=geojson,,12
,https://earthquake.usgs.gov/fdsnws/event/1/query?eventid=usb000m2vu&format=geojson,,271
,https://earthquake.usgs.gov/fdsnws/event/1/query?eventid=ci11408634&format=geojson,,1
,https://earthquake.usgs.gov/fdsnws/event/1/query?eventid=usb000m2w0&format=geojson,,259
,https://earthquake.usgs.gov/fdsnws/event/1/query?eventid=ak0141u5401&format=geojson,,30
,https://earthquake.usgs.gov/fdsnws/event/1/query?eventid=usb000m2wd&format=geojson,,246
,https://earthquake.usgs.gov/fdsnws/event/1/query?eventid=usc000lv8w&format=geojson,,326
,https://earthquake.usgs.gov/fdsnws/event/1/query?eventid=usb000m2wf&format=geojson,,298
,https://earthquake.usgs.gov/fdsnws/event/1/query?eventid=nc72134166&format=geojson,,20
,https://earthquake.usgs.gov/fdsnws/event/1/query?eventid=ak0141ts6wo&format=geojson,,44
,https://earthquake.usgs.gov/fdsnws/event/1/query?eventid=ak0141tr79l&format=geojson,,30
,https://earthquake.usgs.gov/fdsnws/event/1/query?eventid=usc000lvdk&format=geojson,,96
,https://earthquake.usgs.gov/fdsnws/event/1/query?eventid=nn00435972&format=geojson,,0
,https://earthquake.usgs.gov/fdsnws/event/1/query?eventid=ci11408626&format=geojson,,8
,https://earthquake.usgs.gov/fdsnws/event/1/query?eventid=uu60050627&format=geojson,,25
,https://earthquake.usgs.gov/fdsnws/event/1/query?eventid=nc72135671&format=geojson,,0
,https://earthquake.usgs.gov/fdsnws/event/1/query?eventid=uu60050622&format=geojson,,49
,https://earthquake.usgs.gov/fdsnws/event/1/query?eventid=nn00432943&format=geojson,,0
,https://earthquake.usgs.gov/fdsnws/event/1/query?eventid=usc000lybx&format=geojson,,104
,https://earthquake.usgs.gov/fdsnws/event/1/query?eventid=usb000m2vq&format=geojson,,246
,https://earthquake.usgs.gov/fdsnws/event/1/query?eventid=ak0141tj0gw&format=geojson,,26
,https://earthquake.usgs.gov/fdsnws/event/1/query?eventid=usc000lybw&format=geojson,,129
,https://earthquake.usgs.gov/fdsnws/event/1/query?eventid=nc72134126&format=geojson,,61
,https://earthquake.usgs.gov/fdsnws/event/1/query?eventid=nc72134121&format=geojson,,5
,https://earthquake.usgs.gov/fdsnws/event/1/query?eventid=ci11408618&format=geojson,,28
,https://earthquake.usgs.gov/fdsnws/event/1/query?eventid=nc72134116&format=geojson,,8
,https://earthquake.usgs.gov/fdsnws/event/1/query?eventid=ak0141t4pzp&format=geojson,,50
,https://earthquake.usgs.gov/fdsnws/event/1/query?eventid=ak0141t41rd&format=geojson,,56
,https://earthquake.usgs.gov/fdsnws/event/1/query?eventid=ak0141t2lax&format=geojson,,50
,https://earthquake.usgs.gov/fdsnws/event/1/query?eventid=pr14001000&format=geojson,,158
,https://earthquake.usgs.gov/fdsnws/event/1/query?eventid=ak0141t1wz8&format=geojson,,35
,https://earthquake.usgs.gov/fdsnws/event/1/query?eventid=ci11408610&format=geojson,,4
,https://earthquake.usgs.gov/fdsnws/event/1/query?eventid=nn00432942&format=geojson,,0
,https://earthquake.usgs.gov/fdsnws/event/1/query?eventid=usc000lybb&format=geojson,,104
,https://earthquake.usgs.gov/fdsnws/event/1/query?eventid=uu60050607&format=geojson,,68
,https://earthquake.usgs.gov/fdsnws/event/1/query?eventid=nc72134111&format=geojson,,12
,https://earthquake.usgs.gov/fdsnws/event/1/query?eventid=usc000lvde&format=geojson,,96
,https://earthquake.usgs.gov/fdsnws/event/1/query?eventid=nn00557599&format=geojson,,19
,https://earthquake.usgs.gov/fdsnws/event/1/query?eventid=nc72134106&format=geojson,,26
,https://earthquake.usgs.gov/fdsnws/event/1/query?eventid=nc72134101&format=geojson,,1
,https://earthquake.usgs.gov/fdsnws/event/1/query?eventid=nc72134096&format=geojson,,53
,https://earthquake.usgs.gov/fdsnws/event/1/query?eventid=nc72134091&format=geojson,,38
,https://earthquake.usgs.gov/fdsnws/event/1/query?eventid=ci11408602&format=geojson,,19
,https://earthquake.usgs.gov/fdsnws/event/1/query?eventid=nn00432831&format=geojson,,4
,https://earthquake.usgs.gov/fdsnws/event/1/query?eventid=ci11408594&format=geojson,,4
,https://earthquake.usgs.gov/fdsnws/event/1/query?eventid=nc72134086&format=geojson,,0
,https://earthquake.usgs.gov/fdsnws/event/1/query?eventid=nc72134081&format=geojson,,5
,https://earthquake.usgs.gov/fdsnws/event/1/query?eventid=nn00432828&format=geojson,,8
,https://earthquake.usgs.gov/fdsnws/event/1/query?eventid=usc000lv7u&format=geojson,,326
,https://earthquake.usgs.gov/fdsnws/event/1/query?eventid=ci11408586&format=geojson,,2
,https://earthquake.usgs.gov/fdsnws/event/1/query?eventid=nc72134076&format=geojson,,0
,https://earthquake.usgs.gov/fdsnws/event/1/query?eventid=nc72134071&format=geojson,,0
,https://earthquake.usgs.gov/fdsnws/event/1/query?eventid=ci11408578&format=geojson,,3
,https://earthquake.usgs.gov/fdsnws/event/1/query?eventid=nc72134066&format=geojson,,12
,https://earthquake.usgs.gov/fdsnws/event/1/query?eventid=ak0141rtats&format=geojson,,50
,https://earthquake.usgs.gov/fdsnws/event/1/query?eventid=nn00432940&format=geojson,,0
,https://earthquake.usgs.gov/fdsnws/event/1/query?eventid=nc72134051&format=geojson,,22
,https://earthquake.usgs.gov/fdsnws/event/1/query?eventid=usc000lv7r&format=geojson,,369
,https://earthquake.usgs.gov/fdsnws/event/1/query?eventid=nc72134046&format=geojson,,9
,https://earthquake.usgs.gov/fdsnws/event/1/query?eventid=nc72134041&format=geojson,,1
,https://earthquake.usgs.gov/fdsnws/event/1/query?eventid=nc72134036&format=geojson,,5
,https://earthquake.usgs.gov/fdsnws/event/1/query?eventid=ci11408562&format=geojson,,8
,https://earthquake.usgs.gov/fdsnws/event/1/query?eventid=nc72134031&format=geojson,,8
,https://earthquake.usgs.gov/fdsnws/event/1/query?eventid=nc72134026&format=geojson,,4
,https://earthquake.usgs.gov/fdsnws/event/1/query?eventid=nn00432939&format=geojson,,0
,https://earthquake.usgs.gov/fdsnws/event/1/query?eventid=usb000m2vm&format=geojson,,284
,https://earthquake.usgs.gov/fdsnws/event/1/query?eventid=usc000lv7j&format=geojson,,246
,https://earthquake.usgs.gov/fdsnws/event/1/query?eventid=ci11408554&format=geojson,,10
,https://earthquake.usgs.gov/fdsnws/event/1/query?eventid=ci11408546&format=geojson,,28
,https://earthquake.usgs.gov/fdsnws/event/1/query?eventid=nc72134021&format=geojson,,12
,https://earthquake.usgs.gov/fdsnws/event/1/query?eventid=nc72134016&format=geojson,,19
,https://earthquake.usgs.gov/fdsnws/event/1/query?eventid=ci11408538&format=geojson,,17
,https://earthquake.usgs.gov/fdsnws/event/1/query?eventid=ci11408530&format=geojson,,12
,https://earthquake.usgs.gov/fdsnws/event/1/query?eventid=usc000lv8x&format=geojson,,312
,https://earthquake.usgs.gov/fdsnws/event/1/query?eventid=nn00432937&format=geojson,,0
,https://earthquake.usgs.gov/fdsnws/event/1/query?eventid=uu60050602&format=geojson,,33
,https://earthquake.usgs.gov/fdsnws/event/1/query?eventid=ci11408522&format=geojson,,24
,https://earthquake.usgs.gov/fdsnws/event/1/query?eventid=ci11408514&format=geojson,,6
,https://earthquake.usgs.gov/fdsnws/event/1/query?eventid=nn00432933&format=geojson,,0
,https://earthquake.usgs.gov/fdsnws/event/1/query?eventid=nc71076849&format=geojson,,2
,https://earthquake.usgs.gov/fdsnws/event/1/query?eventid=nc72134011&format=geojson,,7
,https://earthquake.usgs.gov/fdsnws/event/1/query?eventid=nn00433108&format=geojson,,0
,https://earthquake.usgs.gov/fdsnws/event/1/query?eventid=ci11408506&format=geojson,,5
,https://earthquake.usgs.gov/fdsnws/event/1/query?eventid=ak0141qlc97&format=geojson,,81
,https://earthquake.usgs.gov/fdsnws/event/1/query?eventid=ci11408498&format=geojson,,23
,https://earthquake.usgs.gov/fdsnws/event/1/query?eventid=nc72134006&format=geojson,,28
,https://earthquake.usgs.gov/fdsnws/event/1/query?eventid=nn00433106&format=geojson,,0
,https://earthquake.usgs.gov/fdsnws/event/1/query?eventid=usc000lv78&format=geojson,,340
,https://earthquake.usgs.gov/fdsnws/event/1/query?eventid=uu60050592&format=geojson,,131
,https://earthquake.usgs.gov/fdsnws/event/1/query?eventid=nc72133976&format=geojson,,69
,https://earthquake.usgs.gov/fdsnws/event/1/query?eventid=usb000m2vh&format=geojson,,259
,https://earthquake.usgs.gov/fdsnws/event/1/query?eventid=usb000m2vg&format=geojson,,259
,https://earthquake.usgs.gov/fdsnws/event/1/query?eventid=nc72133971&format=geojson,,12
,https://earthquake.usgs.gov/fdsnws/event/1/query?eventid=uw60664316&format=geojson,,16
,https://earthquake.usgs.gov/fdsnws/event/1/query?eventid=ci11408490&format=geojson,,10
,https://earthquake.usgs.gov/fdsnws/event/1/query?eventid=ak0141py2dm&format=geojson,,30
,https://earthquake.usgs.gov/fdsnws/event/1/query?eventid=nc72133966&format=geojson,,2
,https://earthquake.usgs.gov/fdsnws/event/1/query?eventid=ci11408482&format=geojson,,16
,https://earthquake.usgs.gov/fdsnws/event/1/query?eventid=nn00433105&format=geojson,,0
,https://earthquake.usgs.gov/fdsnws/event/1/query?eventid=ak0141pmd6k&format=geojson,,39
,https://earthquake.usgs.gov/fdsnws/event/1/query?eventid=usc000lvdc&format=geojson,,129
,https://earthquake.usgs.gov/fdsnws/event/1/query?eventid=nc72133961&format=geojson,,5
,https://earthquake.usgs.gov/fdsnws/event/1/query?eventid=nn00432825&format=geojson,,12
,https://earthquake.usgs.gov/fdsnws/event/1/query?eventid=ci11408474&format=geojson,,16
,https://earthquake.usgs.gov/fdsnws/event/1/query?eventid=nc71076564&format=geojson,,2
,https://earthquake.usgs.gov/fdsnws/event/1/query?eventid=nc72133956&format=geojson,,17
,https://earthquake.usgs.gov/fdsnws/event/1/query?eventid=ak0141pitqc&format=geojson,,50
,https://earthquake.usgs.gov/fdsnws/event/1/query?eventid=nm610251&format=geojson,,56
,https://earthquake.usgs.gov/fdsnws/event/1/query?eventid=nc72133951&format=geojson,,27
,https://earthquake.usgs.gov/fdsnws/event/1/query?eventid=ci11408466&format=geojson,,2
,https://earthquake.usgs.gov/fdsnws/event/1/query?eventid=nc72133946&format=geojson,,7
,https://earthquake.usgs.gov/fdsnws/event/1/query?eventid=usc000lv6s&format=geojson,,259
,https://earthquake.usgs.gov/fdsnws/event/1/query?eventid=nc72133941&format=geojson,,3
,https://earthquake.usgs.gov/fdsnws/event/1/query?eventid=nc72133936&format=geojson,,3
,https://earthquake.usgs.gov/fdsnws/event/1/query?eventid=nc72133931&format=geojson,,33
,https://earthquake.usgs.gov/fdsnws/event/1/query?eventid=uu60050582&format=geojson,,8
,https://earthquake.usgs.gov/fdsnws/event/1/query?eventid=ci11408458&format=geojson,,31
,https://earthquake.usgs.gov/fdsnws/event/1/query?eventid=nc72133921&format=geojson,,5
,https://earthquake.usgs.gov/fdsnws/event/1/query?eventid=nc72133916&format=geojson,,9
,https://earthquake.usgs.gov/fdsnws/event/1/query?eventid=nc72133926&format=geojson,,20
,https://earthquake.usgs.gov/fdsnws/event/1/query?eventid=usb000m2vf&format=geojson,,259
,https://earthquake.usgs.gov/fdsnws/event/1/query?eventid=nc72133911&format=geojson,,3
,https://earthquake.usgs.gov/fdsnws/event/1/query?eventid=mb14069302&format=geojson,,56
,https://earthquake.usgs.gov/fdsnws/event/1/query?eventid=mb14746480&format=geojson,,39
,https://earthquake.usgs.gov/fdsnws/event/1/query?eventid=nc72133906&format=geojson,,20
,https://earthquake.usgs.gov/fdsnws/event/1/query?eventid=ak0141ozwh5&format=geojson,,39
,https://earthquake.usgs.gov/fdsnws/event/1/query?eventid=nc72133901&format=geojson,,20
,https://earthquake.usgs.gov/fdsnws/event/1/query?eventid=nc72133896&format=geojson,,5
,https://earthquake.usgs.gov/fdsnws/event/1/query?eventid=nn00432932&format=geojson,,0
,https://earthquake.usgs.gov/fdsnws/event/1/query?eventid=ak0141owvrl&format=geojson,,39
,https://earthquake.usgs.gov/fdsnws/event/1/query?eventid=nn00432821&format=geojson,,19
,https://earthquake.usgs.gov/fdsnws/event/1/query?eventid=nc72133891&format=geojson,,16
,https://earthquake.usgs.gov/fdsnws/event/1/query?eventid=ak0141otvu1&format=geojson,,81
,https://earthquake.usgs.gov/fdsnws/event/1/query?eventid=nc72133886&format=geojson,,24
,https://earthquake.usgs.gov/fdsnws/event/1/query?eventid=nc72133881&format=geojson,,1
,https://earthquake.usgs.gov/fdsnws/event/1/query?eventid=ci11408450&format=geojson,,89
,https://earthquake.usgs.gov/fdsnws/event/1/query?eventid=hv60614066&format=geojson,,95
,https://earthquake.usgs.gov/fdsnws/event/1/query?eventid=hv60614061&format=geojson,,10
,https://earthquake.usgs.gov/fdsnws/event/1/query?eventid=nc72133871&format=geojson,,3
,https://earthquake.usgs.gov/fdsnws/event/1/query?eventid=nc72133866&format=geojson,,3
,https://earthquake.usgs.gov/fdsnws/event/1/query?eventid=nc72133861&format=geojson,,17
,https://earthquake.usgs.gov/fdsnws/event/1/query?eventid=nc72133856&format=geojson,,5
,https://earthquake.usgs.gov/fdsnws/event/1/query?eventid=uu60050572&format=geojson,,74
,https://earthquake.usgs.gov/fdsnws/event/1/query?eventid=usb000m2ve&format=geojson,,284
,https://earthquake.usgs.gov/fdsnws/event/1/query?eventid=usc000lyb9&format=geojson,,129
,https://earthquake.usgs.gov/fdsnws/event/1/query?eventid=usb000m2vd&format=geojson,,271
,https://earthquake.usgs.gov/fdsnws/event/1/query?eventid=ci11408442&format=geojson,,5
,https://earthquake.usgs.gov/fdsnws/event/1/query?eventid=ak0141o4wki&format=geojson,,50
,https://earthquake.usgs.gov/fdsnws/event/1/query?eventid=ak0141nuxdx&format=geojson,,81
,https://earthquake.usgs.gov/fdsnws/event/1/query?eventid=ci11408434&format=geojson,,0
,https://earthquake.usgs.gov/fdsnws/event/1/query?eventid=ak0141ntf85&format=geojson,,26
,https://earthquake.usgs.gov/fdsnws/event/1/query?eventid=uw60664276&format=geojson,,1
,https://earthquake.usgs.gov/fdsnws/event/1/query?eventid=nc72133846&format=geojson,,18
,https://earthquake.usgs.gov/fdsnws/event/1/query?eventid=hv60614021&format=geojson,,67
,https://earthquake.usgs.gov/fdsnws/event/1/query?eventid=ak0141nol21&format=geojson,,62
,https://earthquake.usgs.gov/fdsnws/event/1/query?eventid=nc72133841&format=geojson,,5
,https://earthquake.usgs.gov/fdsnws/event/1/query?eventid=usc000lv5j&format=geojson,,312
,https://earthquake.usgs.gov/fdsnws/event/1/query?eventid=usc000lv5e&format=geojson,,400
